"account","amount_burnt","date_time","ledger_index","txn_hash"
"rsd21pgfg5q11yTs8TuS7dHL2k96qyGCA6","0.0000000053","2024-12-21T19:48:00.000Z","92927162","30A25F5A1350CA4DA676EE4AE12D6183C2A68392D1FD41EC1DFA9AD45840DAA1"
"rMYFEH96EpdPgvEP9by1FniFin3SiGMBLC","0.0000000014","2024-12-20T15:22:40.000Z","92900879","707BB037C4B4822F7A1CCACDB532AFC98D3514B95E8903EAB11AE05FE0CC92B6"
"rMYpsqzEomGuA1EwbDxexNfXAhXodkhAEb","0.0000000046","2024-12-20T04:16:41.000Z","92890602","D03B423A8FE65B876AD6557C3EC92C0DC1E12A25B82607D2F7ED7B9543B84C35"
"rHKiEkx5iy5LkLuvsG8gaiTMUV6MG7ag6P","0.00003186063812","2024-12-19T21:11:20.000Z","92884039","13150CBF8C42EF20ED0EBC774BA9BA0AB03803CA5FA9E44D58F1F7E9BC64ABF7"
"rMYFEH96EpdPgvEP9by1FniFin3SiGMBLC","0.0000000003999","2024-12-19T18:45:02.000Z","92881791","602527FA3A7E2D9E0FF534F1AD21FB67B27B859D240268F7D5707CA8DEC87F37"
"royce728TyruN18FeGRAwCYgeXsSY7ZFg","0.00000003198","2024-12-18T20:16:10.000Z","92861027","58D5D0FE2B751961FD618D24AD909F2AFC572F76B01CACEB4A9927E2E8B90C14"
"raHYHxLx2C3obfmTSYCH79cDbVqT8Q6Lts","13.4419620869","2024-12-17T03:14:40.000Z","92823225","0D58BE6EACCBE870A8892B622C02DE4DF3AB7C894DCE145E87175774B89D2AC9"
"richArdbKWYQtv5L8XLuzrut3VmQUst1p","0.00000003991","2024-12-16T22:43:12.000Z","92819034","B6717B2C877D264C586B922219ED3420B2C451C7CC1929679F2F9A35F21F332A"
"rDypEWMt9qfRkoqwpbEBWVKw2RpZn3jJzs","0.0000000041","2024-12-16T22:42:10.000Z","92819017","5A9186F9AED022BCCAD945F221D679184B9569FC450329116C837AE1EB71BDA2"
"rPkAJyR9BFSa1oBDRbq8JskZb6NWy5NSvd","0.0000163299709","2024-12-16T20:38:10.000Z","92817101","19A2A78DC142779D26970890B91CCF7BA848689715BEB0435A557DC3AC93AF3E"
"rLmxSZq3ttFhWZKUkg5vQraYwqS7vE52wF","5000","2024-12-16T18:21:51.000Z","92815008","A5B7FD58AFBAF8852FB69B251B7B10A9DBBF18B9704BEB630428C435B6C1472E"
"rjw8YcPpaMCXz8o2u3SNK2kwg6WR9DUxG","200","2024-12-16T00:11:41.000Z","92798178","80107CF083272EB9A13B68BDFD45D0D50847C4D79110D375446483FF4AE903EA"
"rHC4QpWHVmEGD46oc82cDJGgZeYbAwEqEZ","1586.374477","2024-12-15T23:47:00.000Z","92797796","D5BAD7302D29809770F83FE8D7EE17AB14478673631177721DEC66CA8508D47F"
"rELk8h69xTsg9Vy5P4HFcX5pkM3rPtnCeh","0.00000007673519","2024-12-15T23:44:40.000Z","92797760","88C69A61ED301FE7DE0AD488193B7BB03FB756125750CA1825FC567CEE5A7566"
"r9gramUS4YK5dNLwLDp6RGRUAGQkacR5Y4","0.0000000449","2024-12-15T23:42:40.000Z","92797730","AD98A30085FE88ED5F7507F5314C9D8071CFE8A433999AF38D59F66F7E1B7A3E"
"rLguLZuLWGTe44CRcStUyK7AXVe6Mzd7vS","15.54","2024-12-15T23:28:40.000Z","92797514","97FD686EDC9E99F716224B081B2C1AB93409EA6073673CA1C09CF27444455349"
"royce728TyruN18FeGRAwCYgeXsSY7ZFg","0.0000000422","2024-12-15T23:27:22.000Z","92797495","F7CDDED60B6E4EF9519FDADF83295405664D5F035BD3975D1F2A4D92EF7C478D"
"rNd51SFABADzW1YN2mWRJVxoiWXKT1gpas","7.77","2024-12-15T22:29:50.000Z","92796605","FDFF622911B6F38FE42F89A879FD2EF50EC9F792042D58DFA5F8ADE057665422"
"rUDZu9oNxBTChXLEqVcm5SunTMfLW86W5C","1002.73","2024-12-15T21:55:31.000Z","92796075","86B276190929A6660E622083BE718EEB39421E51C8A57CE76C450A490A096917"
"rLmxSZq3ttFhWZKUkg5vQraYwqS7vE52wF","5000","2024-12-15T21:34:42.000Z","92795756","D064199113032CB8C525671AED66CF75E07AE799937618E9B4B5F6F635EAFBD7"
"rLmxSZq3ttFhWZKUkg5vQraYwqS7vE52wF","10000","2024-12-15T21:14:11.000Z","92795438","250057E54E48F692EE49178A884E718B951AEFDDA2F6B849B061E76E3820F718"
"rN8smSTy2tjoM2dHND1q5MfQFvjtieQLnD","333","2024-12-15T20:51:51.000Z","92795093","BF5C1E151F6A51656C2615D9FA3962F795F5B658DA42AF9C591C24A8CC4F5ACA"
"rMm5MvPoJhN43eFNCBrhesNhwbVXK3gx7k","100","2024-12-15T03:02:51.000Z","92778580","79E0A8912815286C115DFD05124B4A4D563FA72C86430C7BC636C430AF88C1CB"
"rJCidUz2HoqSjgRkHfbQRKWwm449Jj4uZ1","36.3141701048","2024-12-15T02:12:41.000Z","92777806","058377267A63DD3A4021BA56D8A2A4C5166D98896E35A43233E50E7F0FEB6E0B"
"r9zcgzwUtLfUYSWvzWUfjR5tFhw64Tir42","999","2024-12-15T01:41:41.000Z","92777327","10424D8922CB7DC0DC23CFE85A7A99DD7E6C281DAE3FB44DA574C81AA6AA03B4"
"rN8smSTy2tjoM2dHND1q5MfQFvjtieQLnD","333","2024-12-15T01:12:20.000Z","92776874","CF51962BF682A8CCA1AE847B8CC6E77F66B28992C55CD40169E5320088E146DD"
"rK73AHNrHFf5bFnGsi6unzP6Hsj5EGLmhW","5034","2024-12-15T00:58:22.000Z","92776660","6C6ED298E71F1AB217CB4E8EC16FD842121E924B13992038FB371FE7D7142879"
"r3rtZy6KmXXLVt798BSpCwm2B7XKA2rrXa","111.1","2024-12-15T00:37:51.000Z","92776344","B0CAB32E5AA646C0976010711A464985BA8283E34157825E1953DCF011B7C668"
"rBQL9fYveFGQBz8XE1zWktLCafQBbykAAz","0.0000000064","2024-12-14T23:56:50.000Z","92775712","68E7693EE71652187CBAE72F067D83021B9E64D62BFE1B21E4B97724DB63C969"
"rfgq7s9gS1gPDtUw6ZEgj7H6AU3waEGP38","21000","2024-12-14T22:24:21.000Z","92774294","F60BA4473ACB3013868A1729BFEB0C9BF48006406ECA124FA00DD25D37220496"
"rnSAUikefMRZCrzFxvHNfYiTs4RUDn6AsY","10","2024-12-14T20:59:01.000Z","92772981","48318C98D00AA2CF6210D11EC4ABCC6DB5CDF6642D7C6A8240EAEAFF8739D513"
"rBmtjtae5Kq8hd481u8MwdZe8cCXBZ6vXo","3.33","2024-12-14T15:04:11.000Z","92767520","E67C9693F87E24C09925F4FE32F80A446AD162D2BB3CCB7BD73671ACB1BAA601"
"rUg3PhHCW3SknEy4zC5vYvgJsH1AAUMUAQ","5890","2024-12-14T09:34:10.000Z","92762428","FF25A8325E48A5A49B4A68FFC02CA2853E5C01999233EDA396B6221FCA04F195"
"r3A2TzgkbAMJBVwNmCf3nxEZsH8DFpzsGw","13","2024-12-14T06:49:41.000Z","92759886","B3A10353B75F427D01D97C5F8CBE474DC4B38CF7A3D6F3CC0431E18F80E7A590"
"rFjF1RZyYXo6ndUP8LftSiV6btzE2L4co","1137.90220167","2024-12-14T04:55:02.000Z","92758115","7A20F9C6E2A204DCDE3D7678D11DBC57CFF514EAFFCBCC5B894D9FEE105EC2A0"
"rLDLY1SuaPcJhudZ7hvXm5vHW141LcomrE","50000","2024-12-14T03:49:50.000Z","92757109","4C0F9917957E25946F4A47E35FA13250DF515B4AF2258B47BC4ED45D1655E396"
"rK73AHNrHFf5bFnGsi6unzP6Hsj5EGLmhW","15089","2024-12-14T03:41:10.000Z","92756976","C8B672AFDE66F687407E04FBD2D4EB513DBAD834251AAC9EA0A6C6F1E015FA4B"
"rK73AHNrHFf5bFnGsi6unzP6Hsj5EGLmhW","1","2024-12-14T03:39:51.000Z","92756957","4236E19084A2EA89B982EF0D27E79CF487DFC25543FBF3EE62F78447C3E4E967"
"rGNAoM3punrrP5rPc94EqYvzD67Sedopuo","59.58026073815","2024-12-14T03:22:40.000Z","92756691","2E77B60350D0A2E3401BD18C49AEAE72B3B30C05CD2E126C8FD98784FDE0B77B"
"rQHiMsFUTShugZseCdJ8XLR82ijrosVEuY","100001","2024-12-14T02:28:31.000Z","92755858","B29F23E8285A63ACED9BAE00C866D7E8CE89BB6EB128105477FA3F866DB149CB"
"rUS83uwhGND6vBtwwW9WwX84pzjrPAK1xR","50","2024-12-14T02:22:00.000Z","92755757","D3A8C0F7D3B7CF1DBB85346494D2F081EC2501FEF388DA50E9170133DC4DE674"
"rHzPJGNjq9GrDQskhqiovu2GeeNM5WM2Ho","9877","2024-12-14T02:20:01.000Z","92755727","967F983B0C454AEE16997CFA01509084C529EF9BCAA89CB03DC43F53BC9698A6"
"rBWnU4ZfZBLkwtJcTR2uktZzZE3YSsfriP","8.0493923264","2024-12-14T02:11:50.000Z","92755599","391064E85CCA4A48FED3FBD1F136EBB4E1AAE9781FB993458940C4992F33FF92"
"rHzPJGNjq9GrDQskhqiovu2GeeNM5WM2Ho","12345","2024-12-14T01:59:21.000Z","92755407","6B4F89534C8E1D3436F3B1F8CF56611939A6BFFE081809E3EA3B77E49E6CBA83"
"rpBCLAgEi6eUj13DYkFLuFBubRbQxxGHV3","999","2024-12-14T01:57:10.000Z","92755373","C2CC149B55F70E0EF27C82299B373A07FDDA009522B9E2A16E070B5D5799F38F"
"rfx9MuWcToLbf9dL5L8WN5VFXrFquHtHfK","2.22","2024-12-14T01:56:10.000Z","92755358","C8653C31513631512851390225B687C609788E1E7520654B082C29FFEE34EE7E"
"rHcrriVkZcv632PPofCkaqVFrvQXtAHdUw","504.285553765096","2024-12-14T01:46:20.000Z","92755207","AB6F56A29FDAD31210172B780D046CBAF748D146D133B82760451C2FB2061C3B"
"rE8gzjgU4uggXZckkSukwB4EcFjWaTqWwF","2","2024-12-14T01:40:50.000Z","92755122","081FAE342FF4DFEA83FF8CC3B93E5B01C66E8C29FA5536BB521C31A5577AF7A3"
"rLrrNLoRPoh2dvgShXieeZxZnxnsvoy8PJ","1334","2024-12-14T01:25:11.000Z","92754882","3B67E0DCD54B0FE8BFC4779C6DCE3486F187140225E4D02BA241368F93A28CA6"
"rhssyqKdgVvG8zVJp32XnmdS2iTd5di8Np","432","2024-12-14T01:22:40.000Z","92754842","69EAFB2F1860465B0EBCDB8DC5C39EFF82E8BF79734753B24B77AF9937FE0C42"
"rD76ZvhKtf4dUC1iZTyhTBdKMsD5ajFJZ4","589","2024-12-14T01:20:31.000Z","92754810","9B075D2E5BED724886CFE28599DC61E8C2570FB8DC75CF552EA39132B96D153A"
"rUdan3FirqoJnJLyAi2MdQMYbKY7yazwYk","25000","2024-12-14T01:18:20.000Z","92754776","0E13380223D3B87CC4DF75281D47C22751E7E3BA79D510D98AF9AEFF0411F1AE"
"rswGUhCLq1zpD3YLmdxhFw8nr6dLVHoqYe","2000","2024-12-14T01:18:00.000Z","92754770","246BE9607D64A672961953B9A57642B4333369D093C27AB23FF7116DC4B8E2EC"
"rUg3PhHCW3SknEy4zC5vYvgJsH1AAUMUAQ","5890","2024-12-14T01:17:50.000Z","92754768","0415D8E5C8238CA01EF679C4C9B3F8AECC0C82CDF96AD13183A88662265E08FE"
"raaqCf9p8yWJPDFJYcnshy1TTGczCH177Y","50","2024-12-14T01:11:50.000Z","92754675","38EA13A5B19582BA33B6304497AAD8094199A189DB015BFDE67365766F0A3ED8"
"rQNkBpuTVnWRBdaSE9Ugzx82oeGsKnr1gh","589","2024-12-14T01:10:31.000Z","92754656","C3BA30EBEBFC37599A0FA20393092778FDCD558C42B10DC68E79201D11ADAC1F"
"rEPpCnfwVZaKHmuAqMaEaGuEyzW7rCumzt","50","2024-12-14T01:00:40.000Z","92754504","3A784F30F5A2D1531EB594B2335B4EF4CA19D100B9E0FABB78FC34325E0E8A28"
"rDCpQ7PnpwsfBJjKhBqCybwEevgwi2EDVh","1000","2024-12-14T00:55:30.000Z","92754424","1F6D83D46D7139FBD7723851991056DCF443FBEEDAFD1B174F8F1C59338BB00F"
"rMCzcZ8ECjRkr8Nd4LaSEqU5bqPssnbdGD","50","2024-12-14T00:53:22.000Z","92754393","84B3CB59D09B3543ED27926061C5FCCE3CFC8DE7B2891CBB43D5FFC2256927B4"
"rUdan3FirqoJnJLyAi2MdQMYbKY7yazwYk","100000","2024-12-14T00:52:32.000Z","92754380","87010ED3BC85883587978FF37234B5360283AF0500597BAF5BBFB7D474A67ADD"
"rDn6yZyeDV9YEKPQPn9pz8fejZa1CkrLdd","589","2024-12-14T00:51:00.000Z","92754355","E09DA71061B472659E0AD66B6032EE75C146FB10CC65F9EE5C2BA631BBB683E2"
"r4iaikGZYj56q457PyhNkcLEYzjLL3axfw","589","2024-12-14T00:50:31.000Z","92754348","699F6EDE34E4230DBC53B1C7DAD9FFFB55A38198B2BBC1956701A0E4B421E5AF"
"r3rXicdJYKLxxt9mkzhWosLFqUdWwGxVpW","1250","2024-12-14T00:45:01.000Z","92754264","54630223A28CA75B21048A05BA3BF2480A3E9002998374646AFBBDF4073D4A87"
"rLmxSZq3ttFhWZKUkg5vQraYwqS7vE52wF","44450","2024-12-14T00:45:01.000Z","92754264","A5BD35C8BB4CB8FE93361E193104CDC23D016987B6AF37356ECD257A7AB5C9FE"
"rGnB6awEhcCLkSFxJu3fCFAMBpspVoDR5m","4000","2024-12-14T00:42:10.000Z","92754219","8D7ECC24B6F46D77956995BD2F3A9EA39B08E6557C09DACEFEDC430508FFEB04"
"rUg3PhHCW3SknEy4zC5vYvgJsH1AAUMUAQ","5890","2024-12-14T00:40:41.000Z","92754197","1C79EFC8F46CB57419AE39755F955B48BEADCE6320030BAD71A200B8C8AC56F3"
"r95YUHf4zegtvrgfUYF51csi4xkWzzwr8h","5000","2024-12-14T00:39:11.000Z","92754173","660F9830DAA8CDF54FFAFA963682CB40176301E9268A00FBA81FA7B9CC7FF873"
"rGnB6awEhcCLkSFxJu3fCFAMBpspVoDR5m","6000","2024-12-14T00:36:21.000Z","92754129","3AE5001FFEE412167374D32E4B1183486E91BA76D4464A585CDC292F643A83A0"
"rEXtVgh6dxMB4Ykeqj5PM9o4BjLUGtHRSu","1137","2024-12-14T00:35:11.000Z","92754111","7646FBAE0A0907EC874A5775F9E6A56788E7C324C0048FBF14BB6D4701156B97"
"rLGeBq7uJ5i4ppHWdFX3djVTVs1F6dhVTp","520","2024-12-14T00:32:31.000Z","92754070","469BE16A7F74EFA97A390AFE31DDECF86DA8027BC94C52AEBA7A27E252181413"
"r3rXicdJYKLxxt9mkzhWosLFqUdWwGxVpW","500","2024-12-14T00:30:41.000Z","92754042","D38ADD9EB07831852C53DDE82E93874CC7C013789F9D86AA9131FFAC4954EF69"
"r95YUHf4zegtvrgfUYF51csi4xkWzzwr8h","20000","2024-12-14T00:29:22.000Z","92754022","427D2604D1A66B4348003A825A78351DD06DB1A7DC436C65B0A03302C0467A22"
"rNzHew858H6bLn6bR4oXrVAhcYEB1fMKdX","4.2","2024-12-14T00:23:00.000Z","92753922","ADAD137972ACCF4EC9E6D79125C9B5312E5EFF866B6ABFFF4ABA9F84FC3C8934"
"rGnB6awEhcCLkSFxJu3fCFAMBpspVoDR5m","2253","2024-12-14T00:22:41.000Z","92753918","987B0F719B84E49CD6B096BA26CF7CEC737A8B069985D0B41F2D332FE38C0D80"
"rGnB6awEhcCLkSFxJu3fCFAMBpspVoDR5m","100000","2024-12-14T00:20:52.000Z","92753890","EA80654C4B6563E9E094164BBE95240ECA0DEC6707D3AA58706766FEB31FA467"
"r38nxksXVo3KavQqjbm9rdE8qHzBG7oF1h","10000","2024-12-14T00:20:10.000Z","92753878","F9D0ADF9A83911F426B2711023135E3FB2D932C816300172EBBC0DA6E931E0EC"
"rGDhNd8BdJa4fLda91vEsNdJS25AyPy7jp","5.89","2024-12-14T00:14:20.000Z","92753788","7247267961909DF5B186ACB7C7BEC63D72AA78E1581D7B7216026F6E80E2CDE6"
"rGv2SraWMkQ6HHK8MH2UmiVcpovvkHe7GX","11","2024-12-14T00:12:40.000Z","92753762","2197620A92172E49A23D4226F33D28E0A707A50A8E68732511CB227241358687"
"rXVyXXZR25qWQUo5367fGS33WCkjGQ3qd","15930","2024-12-14T00:11:52.000Z","92753751","283E983A3845586A5613CA313FEE0F163E519CAC13DF4C8C63ED6B5C2639E3B2"
"ryv3a5dat3HFDmJSjt64VwLb7XJrBS3LT","20000","2024-12-14T00:09:41.000Z","92753717","1E81040501D04BDBE8BEC362EEC441563CAFA669F0C4AAF642E873AC5B806180"
"rhcG4uzDCbTr72ugYwcbDhi794BrVNQ6WK","100","2024-12-14T00:09:01.000Z","92753706","C994F36865F829593E058953DCDD3AE71E2E120A2BA9AD699A47325727AEC3E1"
"r94PvpCapC7rdXsdsRTzHKtrR9yuJDL7Yb","65.8000764349","2024-12-14T00:07:31.000Z","92753683","D55FE3828067C3B35247240A43DAE712F7E922571375D81716FF2E679CB39004"
"rN8smSTy2tjoM2dHND1q5MfQFvjtieQLnD","333","2024-12-14T00:06:51.000Z","92753673","8E5922845669D85B6B79BA767D79113E938FDD64E4C71F15593819DFAA1258EE"
"rnAjSAsYLT3gT34EJfFwRjMGuUXwpULHuH","129.6270029867","2024-12-14T00:04:11.000Z","92753631","CB3C7306B423642968AE49D4EBF8FA9789FCF06E7A0D7EE707B8781805738C14"
"rUQWPffDeECZnTFnZCm4YHTK8DFR475VAH","10","2024-12-14T00:03:51.000Z","92753626","31A37DC6E66789811D630E3557E26AFC993224AF645F07B056E326051C0C74C4"
"r95YUHf4zegtvrgfUYF51csi4xkWzzwr8h","100000","2024-12-14T00:00:01.000Z","92753567","42F7F6143E34BF83EEC4140642C2CDB036F2609D675BFAC2941029EB8FB05206"
"rswGUhCLq1zpD3YLmdxhFw8nr6dLVHoqYe","7","2024-12-13T23:58:21.000Z","92753541","765EA3C79AF9CAEDB85E3EAF0C1BFCA0E985D00B3CD7D20D7EE4F5827E7D6FA9"
"rKkTbKH2XtKWrTXKq54PmKZk1kLpqhkdks","999","2024-12-13T23:56:42.000Z","92753516","938BD9DA760181BE0B0C918F5973DC91E0B0B0D4385053D0A8FE5E81CDE2458F"
"rUFUvbTnLSkN6CMbaF1Zm6GSbQiMZxJbZX","5","2024-12-13T23:56:20.000Z","92753509","1C2FA8A173F41A7EF55C7A9E5A7FC8A4808672F06D7A3E7F50C29343C4471BFE"
"rpCtXn2ptoET6xnZKJptghHGA3cofTQPTk","3000","2024-12-13T23:55:32.000Z","92753498","1CA8FBF55AE341B27D9F085A480821806C30B971E5E81DDACB9BFDC9A86750C1"
"rJPSUEG8EnnP9ZcZ7c68z91bGYny5zJdWd","69","2024-12-13T23:55:30.000Z","92753496","B489E180D77C0BF8FEB4D042E05DF440A9DEA597BAC6F789D179A7311605C592"
"r9VVgimH3EcAfrHsXwgucTKvCR6DtoFLSZ","69.69","2024-12-13T23:54:11.000Z","92753477","AF8016AD5D5E9BF2E668E69CBCB166309714639B35135DAC0C2134509F6A0CC8"
"rEWykzoXongrpMLP6jCPPon8SFGoKtKWBq","50","2024-12-13T23:53:10.000Z","92753461","B4C5BEB8904FECD7301F6E4154B8F6AC6D1DBA160CFDD67235F837F489738DE6"
"raaqCf9p8yWJPDFJYcnshy1TTGczCH177Y","100","2024-12-13T23:52:12.000Z","92753447","820AB79EAF87781D874FC83F78CA0B7B0F1B839D4CEC9008792DC1AC4764CACF"
"rnrowXayT4tvxZgeQsbX3YaAXH1o2xD5Zb","20","2024-12-13T23:50:40.000Z","92753422","94B4CC3F9EE11FC9155D56172C07FE634FC121C0CB949C1801D4739C30138FE3"
"rBJEWTgQCpk95fQfaMy9pmANK2JQ6Z4tpQ","10000","2024-12-13T23:50:21.000Z","92753418","C19F2B134B46ABEA913D522FD8440F82A8BD219100EAD19E1D58D51DAEC7C392"
"rLrrNLoRPoh2dvgShXieeZxZnxnsvoy8PJ","666","2024-12-13T23:50:11.000Z","92753415","66E2AE5AF97249F256F70857D78B8C1A83CE79270027BA82D0AA02E5231DAB3E"
"r34ZC2TiaeFaXmvX41PoikMF8MuiwDTvpZ","589.0985","2024-12-13T23:49:52.000Z","92753411","C4697681E7FF7B0B26C6750949A27BF530C45E7435F6B7751459EB131AD5CE31"
"rUWrSnGBXvXn3v41xNaAUnLaovXUwGmasv","3334","2024-12-13T23:48:51.000Z","92753395","BA2B69E57A3B71D755EC78C97D6A9DD8545ADC3CD3154DDA2B0E024D46B28873"
"rJhXhcgHvBcsdr2N7aBES9Fj9GkqWEakFm","921.8680055198","2024-12-13T23:48:21.000Z","92753387","DA1EADEC0BD6351062007D70CDAE39BDF26BAA53A4AE1E22D7B101B81B657370"
"rMPi9MQkXVRkcc6XYnZLLAYhXU6TC3AbH","13","2024-12-13T23:47:42.000Z","92753377","655DA13FFE2227B9956076C9AD8ECD805A6BCC4733E319715CA4380012EB5EEF"
"rpaCyDmE2xGCdacapKU18yQVDHJ2PG6iLU","888","2024-12-13T23:47:41.000Z","92753376","0A4632494D0EEAEC8BA81600B6438314676EC087EC6D9DF39A711AAB1AB748FB"
"rnmyNW49mSzh4xKCRNMtvQ2sb69HKnrghA","3.69","2024-12-13T23:47:20.000Z","92753370","D928B8CC00B4CDD9E579DBFDDA701353DFC97DEF009802B3CC3AD8E2D70572F7"
"r4AHN1sAxGsw6AyjhWBDadQL2EGBw3YwSx","1","2024-12-13T23:04:30.000Z","92752708","838280D31EB211D74E281DB9291E353818BF2EF076C0F9E3849CCF946DE8C339"
"rswGUhCLq1zpD3YLmdxhFw8nr6dLVHoqYe","75","2024-12-13T23:04:21.000Z","92752706","C09A498C055DF2184B8BDFC95D6DCA9A302C775E55D31B7ADBD291BE71840B05"
"rEjU4wNUpHCchqsjkzpqxnbV8ikgP4LFV1","3.3","2024-12-13T23:03:40.000Z","92752695","4169EC0343F053D181325E6914D8A4E804B680C20942189A31EF2C3B09278A49"
"rMY2ZZfe4odSkQieqDmVhPDAW6thLR2Vqa","111","2024-12-13T22:56:11.000Z","92752580","560B0AAE33FAFFFC7C2746036DD9C0DB443AF636B1244A774E52DC29096D0354"
"rDYREjK8NYFA4hznV2ZFskCddTYuhqCTV7","10000","2024-12-13T22:49:30.000Z","92752477","21D5FC8B2DC21132869E062D8EDFA46EFA2EC9C1BA072C006E825770AEF7FAA1"
"rMm5MvPoJhN43eFNCBrhesNhwbVXK3gx7k","89","2024-12-13T22:39:41.000Z","92752326","DB2ECC179CA3CA5DAFF85B5696366BEF8C5D20696A7BB0C938DEACF946DF13D2"
"r9LmaHMujdCHuoaoETM6nm5R2qPxs2fYcA","589","2024-12-13T22:18:32.000Z","92751999","70361CBDEC144BE40C89F4BB795FBACA0665DCE5C9CA73A8D5CD254DCF4622CE"
"rsVJxnRxuNhH2HvEGyhbSm6cCTJ4CUN75D","1","2024-12-13T22:00:11.000Z","92751716","E45ED74BFAB4889B11FD0DA713A5E61CD9FD014F915B59BBA39B0807816AAFD9"
"rkp3ooAC2nREw5n92RqCxuNK8QwY4MMSS","1","2024-12-13T21:59:31.000Z","92751705","AF1EA60F1F7960B681E5944C3FBD1395464DEA5D8E347BBC120923148FAF39F6"
"rLkjCPshSNngazt7vDk946dSiZAFtexjKs","9","2024-12-13T21:55:21.000Z","92751641","E40B7952EB13D6C85B091FCBE5579816295F24B6DC8C6EEA5A936AC23CACC43A"
"rDhvLo2YjCCh7JJUr9zsdhKAsUZer2KdFS","589","2024-12-13T21:42:41.000Z","92751446","235033B8068722E51F595C5B384885D95A7EA0A603CEE8AE02B1A8AD62F25261"
"rpwxcjczW15U9qmTxv17CVjN5ruNYCQJ6g","69","2024-12-13T20:38:40.000Z","92750460","2F24ADAF9F16BAD85A7D120C97B66D6907775B17CBA27D4FFDF3A6D4356EFD74"
"rUWrSnGBXvXn3v41xNaAUnLaovXUwGmasv","7777","2024-12-13T20:25:41.000Z","92750261","8CC1DC462B0CCF487B212D06B4F6DA866F14BA5C97D4FFDB67ADB29955A55B19"
"r1KkBBr4aeQ2wJJCAPo3iQyap2TxyYoiU","10","2024-12-13T20:23:30.000Z","92750227","BB5289CCA504578BBF6EAE790D25402A73FED7C4298B478A992FEE41DD868A2A"
"rUg3PhHCW3SknEy4zC5vYvgJsH1AAUMUAQ","5890","2024-12-13T20:22:10.000Z","92750206","1F2D860DB39485BC735501E04B5731CFFACA38B3192D93AEECDB1174FD624EE8"
"rFjF1RZyYXo6ndUP8LftSiV6btzE2L4co","2552.09779833","2024-12-13T20:17:51.000Z","92750140","F721628024B1044F54ADC7E990EFAA18FF817E09D30AC6CD255C8E60907A6C7D"
"rGnB6awEhcCLkSFxJu3fCFAMBpspVoDR5m","13000","2024-12-13T20:17:10.000Z","92750129","AF218E52B404E26EC31C2E36E034937A97C55D2C180063B5DBE8B2AF83975E65"
"rGshLtJsQXT63MXzDYhziWdUsdS5V28G1a","330","2024-12-13T20:16:51.000Z","92750125","8F5BB7F84CD374A27917AAA3602A0A49D4147A8512ECD9544D18D7ABF8BD9170"
"rGnB6awEhcCLkSFxJu3fCFAMBpspVoDR5m","1","2024-12-13T20:16:10.000Z","92750113","7A04969B8FC693C3972DC394133236243335408C359CB9FB890D3DC289BE0D8C"
"rJhXhcgHvBcsdr2N7aBES9Fj9GkqWEakFm","1","2024-12-13T20:02:00.000Z","92749895","590AFCDBFB28DEB23E2D14517ADBC6C0A0EE564EBD4F1FCD5227532ECBB9FC3E"
"rGshLtJsQXT63MXzDYhziWdUsdS5V28G1a","250","2024-12-13T18:51:01.000Z","92748798","987D769BBBCD18E323845298E98BE98D5A127FC4B5167C8FFC1AC4F63631FF16"
"rap7TanbV5UWNUZGANjEtMbfVxEy6SwgzJ","5","2024-12-13T18:38:50.000Z","92748609","FF5451F614019CDB8840D9FBA3B37599194264B46496320214B8662E1C39D7B1"
"rsFofCZZKUbh9AdtfeGCtgaMfJbmyAJmC7","1","2024-12-13T18:23:30.000Z","92748372","8AA1BD3E33C7C68036A60901667A53EE9ED7C0BD12A1DB29971F229D9E2A2C1A"
"raQBjq5Wa72FMorbaDPWbRNZD1YiX3jmh8","1","2024-12-13T18:22:31.000Z","92748357","99385B7591249C28913A9B19DE42B5DF8FBF0058C6639209988C18F7DFC77457"
"ra6FsAVvdRsmiwufoYK2j57CsJigkSvNSe","1.69","2024-12-13T18:20:50.000Z","92748331","3ED3115CCAE3BBDA4E2F38801B6D1B1FF24552FAB172BD57B85D66263EF1F2DF"
"rhPuvD65FU9rxgBjeFQE4WrqHnGo9ECPwx","18.0903430379","2024-12-13T17:56:20.000Z","92747954","01FB6E40B90CC6FA5BE9E7EB25F3CE92D8AAEB3461D7C29818249DFC5078E8BE"
"rKVVoAWU3kVZThTEL2HQ1JjjHKpbRcazkn","20000","2024-12-13T16:28:50.000Z","92746606","3B418B972282FC3872D395FA317BD9CF9F6323ACF973EEE745FFF78FEAF93D12"
"ravfV4LyA9FycyJcUuK9FtbxHCC3nL7xi1","1","2024-12-13T16:05:11.000Z","92746242","F96448E62AF250AD6A82BAFD13A2BA7302CA383B8BFD32525A751B1C558D9E23"
"rBJEWTgQCpk95fQfaMy9pmANK2JQ6Z4tpQ","1500","2024-12-13T16:04:51.000Z","92746237","33841EF49B8F5658E55D94B34112E8C7184BF36A4C4E5252B94438467B0CA7EC"
"rMm5MvPoJhN43eFNCBrhesNhwbVXK3gx7k","69","2024-12-13T16:03:42.000Z","92746220","8813AFB335A13401AC45895D9D406A751B1F39E91CA8C834575C773167E0D3CE"
"rTZfUqrmtBBbEUYuYUZeaWCTp5SyyjmWX","10","2024-12-13T15:58:32.000Z","92746141","8A192A085AC08C536C7204C62E0042ACC9A35E382F79BCF8A06EA3F4C79B2451"
"rUWrSnGBXvXn3v41xNaAUnLaovXUwGmasv","138","2024-12-13T15:57:22.000Z","92746123","F078E13876AF96A570B08D64548E10387F052DC3A23F578CAB10238D090EE439"
"rQHoSLW1X3NBhJD7bNftunHDAdT68gpyrD","0.00000069095","2024-12-13T14:59:52.000Z","92745236","EBDE912B3CBD5C2126BEDAAF3C36D719CE20CCEBA4ABD77F2D8659309ACCCC8A"
"rQnx3NFnH4moZqA8UU8ATe1P9GTeS6iCXR","69","2024-12-13T14:47:52.000Z","92745050","A771C907246D8BD09E8D3A6E9C4079DFAFF8A516D649A3976090B0020404BB28"
"rEoQ5BJEyU8wUf5jMix2M3PJgsmbESMT3C","0.7890000035","2024-12-13T13:52:10.000Z","92744190","6FAB55C6C0022093772B47BF90F70DB337C36A1C9C1F528FCADE352C7734D952"
"rHQ6wfYkFcJv1KJW5q4nXSAqHNoc8Rc4Ez","0.0000028017653","2024-12-13T07:32:20.000Z","92738325","1ACD1F514DEED2C9DD54E0EB56B6C6A2A9AC725DC57F73015826811DAE769904"
"rGbuezz4DHBbR7gcbekLeTu8xaVLUvTAv","0.0000006145342","2024-12-13T05:44:40.000Z","92736658","6ADFB4628FEF1A6304B64FD6CE919CB546D84CE4D332FE0F401525FE2627F387"
"r9gramUS4YK5dNLwLDp6RGRUAGQkacR5Y4","0.000000053701","2024-12-13T03:35:40.000Z","92734656","189F6A82FD2D20D8BED4BB99416C7D7F33AEC7734373AFAF5DF63F05AF4D60E9"
"rESdJ3igVE4iRckgCn4eA5mkohMY7ioiUc","0.0007808747194","2024-12-12T04:40:41.000Z","92713429","E5B6DEE829FC4AC5EF0E5B369A9E94F54F6274895744FDFFE37DFF95308DDB94"
"rUJBfRtLADS7LSQRRLDtJQEP7V5x3VXKtc","0.0000000031","2024-12-10T15:59:50.000Z","92679425","5EA0F6657B3A5B5A2D744AE89ADBC0E3CF54C6B9681F6E525DE3E6C9489904F9"
"r3XHEd64gMD8WWAJ1RbZ2SfYNqzeW5AXmr","0.0002884117597","2024-12-10T14:32:30.000Z","92678076","E6370041578B8DB541E4350AC1DD9028010A7E2FB2C1315EEDFA70A804298EA3"
"rHBHZHNuSaEgUBnEQKyLkJ4NQHznXfAQCb","0.0003657150141","2024-12-09T23:39:41.000Z","92664241","750E0B09AC974033BE925F895753227EBC13AB74763D3C5A40B81F86827C45EE"
"rsd21pgfg5q11yTs8TuS7dHL2k96qyGCA6","0.0000000004","2024-12-09T07:49:30.000Z","92649646","E79D41BA915F32D7A5A0A46422600B9F4F8A4735EB7511D46AE6AE21EEDBEDC6"
"r42ctdrSk7oEp7C4ZpaesJF1DnAFVtwBnn","0.00000003747","2024-12-08T14:49:52.000Z","92633969","53FEA717F9127554B7F9B1FD1C54D54264031C247FCDA249231AD0CC34BF90F9"
"r42ctdrSk7oEp7C4ZpaesJF1DnAFVtwBnn","0.00000003977","2024-12-08T04:04:01.000Z","92623993","2A5098D5E1DEC3EFEDEDC9F7494DA708A945627F3DE6B394478A471A32ACEB20"
"rEoYTHwR1haU64GDtwD5qWV4REHQNhEEMV","0.0000005461","2024-12-08T01:00:01.000Z","92621159","3A322D0230253F685C1D5000504048B6BA665D3F62A732CD9F390AE3A0834D80"
"r9gramUS4YK5dNLwLDp6RGRUAGQkacR5Y4","0.00000003589","2024-12-08T00:12:12.000Z","92620424","077AEC23151440043F69C17DD6B1B582D881AA7AE889171A29C9EAB71D9D8648"
"r9A3UEaxjMZZiLeGza2bfSf8WHiaoyaVZV","0.0004527310614","2024-12-07T04:51:42.000Z","92602551","E5FBC1898A601D269E2EAE42162190B8F4D40C9320E81F796C8049E12E9C7688"
"rUwCfrtHhZbf2ccqmL9x7jLDNdf3yZGZ1L","0.0005476870833","2024-12-07T04:48:51.000Z","92602506","EB54C785E6C19909BFC888738F742ED7A9103F85BD529D3CCFFEF9646E639087"
"rMV4ZMWu5YQ1bss2g7N6Dj4pN2XiQFqdEB","0.0000000017","2024-12-07T02:05:51.000Z","92599994","805E37088DF970376595CC55B662A48DB639A37157B4B3121BB9C4480AC2D8DF"
"r9Ujq8iSTPVR81uakWdiEA2adETwVZxvNa","0.000000024894","2024-12-06T05:36:02.000Z","92580999","BEA08BD3AE86011B51B0515C616683A97A82D464F865A584D674533F77B9FCFF"
"r9rSow78N9ynCSQ2mYQqc4SCtzZkztP9T1","0.00000120637424061","2024-12-06T05:35:31.000Z","92580990","47F7A322FABAF841AFE8E93634599EB08F711D232E372EDF3D894552B3CFF301"
"ra5JkQzRiDnfd5tohsH8yaQoEJH1hjggnb","0.000000068527","2024-12-06T05:28:11.000Z","92580877","36E3EB7B2CE4D7F12073FEA9FF225A963BAE58303524957A7D7BF677E79789DD"
"r9wyCFiLgK8PsYNfkwncksa3WabUSCYVwH","0.0091001045105","2024-12-05T07:45:00.000Z","92560731","19F0A06648877601D2F69D9A6678D27953D6DB8AC3E33502B6D42CFEA1328CC3"
"rJCidUz2HoqSjgRkHfbQRKWwm449Jj4uZ1","0.0000000014","2024-12-05T04:45:11.000Z","92557956","A2DBF10ED75EAE26A7E98F6021A34B30007A35487DD603699694E8F3F1B30D78"
"r42ctdrSk7oEp7C4ZpaesJF1DnAFVtwBnn","8000000000000000e-27","2024-12-05T02:20:40.000Z","92555725","CEF6AF83CCCA8B33F0903E2FBB0D24169261DB6FA96775B8180AF28779FA8812"
"rUVU6kHVFD5VbfWFpWo5sDe9xrNjyozGaB","0.000000511046","2024-12-04T20:19:42.000Z","92550160","7ACD6E88F5B8A7D97A71CD4F13D89E12EEF91A74A7D167F341965FB5E24FA719"
"royce728TyruN18FeGRAwCYgeXsSY7ZFg","4000000000000000e-27","2024-12-04T20:04:20.000Z","92549921","458E9FDB186A988E6F7B482B463B80FE98F7FDFEA54F14D1C8967C22CB658DDC"
"royce728TyruN18FeGRAwCYgeXsSY7ZFg","6000000000000000e-27","2024-12-04T18:03:12.000Z","92548061","C4F5F2DFF834F64FAA1544A8108EF3675A4742A8DC659E9E68738CB6E1C598A8"
"rnx8QJMGvBh8yYpcBHAyzy2JjPjTF5mScd","0.000000357263","2024-12-04T17:53:00.000Z","92547903","0ADB5FF980D6371E0FCF374BFEEE22FAD27699C418E1EA605F10EA0C5D7245B3"
"rnadgvGoQ46HiqugLKw1fRnicmEJQ4vYnz","1000000000000000e-28","2024-12-04T15:35:21.000Z","92545797","D3C15A3523D6369F3A911BF577B58FA6866B50C99CDCE1AC269D5A67CCDA0BF8"
"r42ctdrSk7oEp7C4ZpaesJF1DnAFVtwBnn","6000000000000000e-27","2024-12-04T10:48:12.000Z","92541392","E4A3AF5B5EFD9FD38BBE4ABB6EAD24A748DEFA3610B94B698C20CB664C79EF30"
"r9gramUS4YK5dNLwLDp6RGRUAGQkacR5Y4","0.000000033304","2024-12-04T07:40:52.000Z","92538502","F9598605569033C2E92807809828D168B892A96E44D7F5CA055B436987169F53"
"r42ctdrSk7oEp7C4ZpaesJF1DnAFVtwBnn","0.000000023221","2024-12-04T07:13:50.000Z","92538088","E799B4A16787F7138624AD5E66AB8181DD573058223B49284D441C6658D2C723"
"r42ctdrSk7oEp7C4ZpaesJF1DnAFVtwBnn","0.000000039603","2024-12-04T07:13:21.000Z","92538081","F8D354F8454147478FEA64865624CCB02049D457C5FEE43C6CE8874FA555739A"
"r42ctdrSk7oEp7C4ZpaesJF1DnAFVtwBnn","3000000000000000e-27","2024-12-04T06:22:22.000Z","92537304","85CC05C2E88D3065F70C77FADED409D54099705C3060F2179905A5DDB54FA417"
"r42ctdrSk7oEp7C4ZpaesJF1DnAFVtwBnn","8000000000000000e-27","2024-12-04T06:13:50.000Z","92537172","91DD2EF3F8F792FDEDB2E07D7B2053E410240E6065A6724D86E67DB15F314553"
"rLF4fa4iQkntvjSZxa9HEjWoEHuUNBAEdr","7000000000000000e-26","2024-12-04T04:03:51.000Z","92535183","4BF9A636EBC2AF913AA6CAF70112E7AFBFE43476E2A83D682C11E6EDEC7AE8D3"
"rUi7oSA9H8fN8EoiS7RgDnjnB17LxnbfcB","0.0000000019","2024-12-04T03:54:52.000Z","92535045","45889956234DEF984602C05BBC43B929380389955F496C8A9229A6880FC9E05C"
"r9gramUS4YK5dNLwLDp6RGRUAGQkacR5Y4","9000000000000000e-27","2024-12-04T02:26:52.000Z","92533690","6440263A7E59EF9FC9E91F1139C996EA87749C9382FF3956223E955EAC3011D2"
"r42ctdrSk7oEp7C4ZpaesJF1DnAFVtwBnn","2000000000000000e-26","2024-12-03T23:49:00.000Z","92531262","251A91BCC6B4F5CF56187A5362BF8E183845FA72424EF046733FB3F7C83F21D8"
"rPCJNk4dLxoyQ3Cf3nJisDjxvvXdAfTzhx","0.0000000004","2024-12-03T23:30:11.000Z","92530974","DACDCA4EBF603E48CD9187AE37B1ACBDF4BF171A1E4F32363CBF01BB6A2ADF1B"
"r42ctdrSk7oEp7C4ZpaesJF1DnAFVtwBnn","8000000000000000e-27","2024-12-03T22:16:02.000Z","92529837","6E963392B37CACF812D7C5036DCD4F945BDD3718914784CDDF0BCD851E13D93F"
"r9gramUS4YK5dNLwLDp6RGRUAGQkacR5Y4","4000000000000000e-27","2024-12-03T22:14:12.000Z","92529809","7FD433575FBC759662AC582CB498E6F5C47CC5E177B2440C9AFB0B8FCE846486"
"r42ctdrSk7oEp7C4ZpaesJF1DnAFVtwBnn","0.000000047232","2024-12-03T22:13:12.000Z","92529794","C92D76074FF0CB8E43B3FE6D29CD75F961D242A11D122D94341BD1AB93BE4FD2"
"r9gramUS4YK5dNLwLDp6RGRUAGQkacR5Y4","3000000000000000e-26","2024-12-03T22:12:01.000Z","92529775","4F848102AB422E0BD6447D7D5B2E1F3019E669F5269AE13AF48E3B3FC3E2C757"
"r3Z9kqh2GFTSS7adoo31vLd3pixW3gjJwY","0.000000001","2024-12-03T22:08:51.000Z","92529727","1142F76EEB0216E635F5FA11317C003F34ABEE1978F7CF0FEB72CA3AE17D66D5"
"r9gramUS4YK5dNLwLDp6RGRUAGQkacR5Y4","6000000000000000e-27","2024-12-03T21:48:31.000Z","92529417","EC81B2D66B83F019FDC2D2375EBC5A2D46C85BB1439FA50AD651CF7644559D4E"
"r9gramUS4YK5dNLwLDp6RGRUAGQkacR5Y4","2000000000000000e-27","2024-12-03T20:40:42.000Z","92528382","FAD7003E916B35CC6DFC04B06812838659C4C05E31A1814CC4E0AAA259B0F742"
"royce728TyruN18FeGRAwCYgeXsSY7ZFg","5000000000000000e-27","2024-12-03T19:32:31.000Z","92527342","4B99A90DA8A246318AD5C6D975D6E93D8A9A94712C36F8DADC1855F5C22826BD"
"rHDaxVhQe2R2mXZDP6RpYpxV2wN2KfmSTy","0.0000000015","2024-12-03T18:52:40.000Z","92526734","F5E278DB8B200DCFAFCADBB26BF402E58BDA6D7BDCA13CD8ABCFC0B372B0D342"
"r9gramUS4YK5dNLwLDp6RGRUAGQkacR5Y4","7000000000000000e-27","2024-12-03T18:32:00.000Z","92526419","5F66C5442295B18AF9056BD0981D7166A65CE9F16F82A6059462344817EED008"
"rf5bPzaHBAeumDPbwiCT14UBQSbq4gGD7A","0.000000908659","2024-12-03T14:14:22.000Z","92522514","E4D71EC4C01ABF1EBBD53B7F613BA9659D7B5BAA27A2AA3A599376B3E4660747"
"rwiUorpCrsmHiU6VLws4Kd2zKBaG74QUPe","0.0000000009","2024-12-03T08:26:00.000Z","92517225","08E16B41BFA182164E99527CCD5CB9EB044C21FAA8F75E6852C74A6A7F5C1069"
"royce728TyruN18FeGRAwCYgeXsSY7ZFg","0.000000044849","2024-12-03T04:19:21.000Z","92513472","5DD9416C456AED415619932D36B15D478D5E5CA2ABE33309F484D815EB2D75CA"
"r9gramUS4YK5dNLwLDp6RGRUAGQkacR5Y4","1000000000000000e-27","2024-12-03T03:48:11.000Z","92513000","4829117F18D12836BEB2AA4788694285202F444782870238BD23FD1B958367DB"
"r9gramUS4YK5dNLwLDp6RGRUAGQkacR5Y4","6000000000000000e-27","2024-12-03T03:07:40.000Z","92512385","EEDC118512BC3C8A534BEF5DB8C4BEDA5F380417DD61AAACCB0E85BD0BACE151"
"royce728TyruN18FeGRAwCYgeXsSY7ZFg","0.00000003618","2024-12-03T02:20:21.000Z","92511664","C1DE8873F789E72D87D3B5DCB43CBA8F6144528422178F077B9E2A84E94762A7"
"royce728TyruN18FeGRAwCYgeXsSY7ZFg","8000000000000000e-27","2024-12-03T01:04:50.000Z","92510515","E8777109C5D2C73DFC93DF933917A293430940236472C1CC129CC333CDAC32DB"
"royce728TyruN18FeGRAwCYgeXsSY7ZFg","0.00000003443","2024-12-03T01:02:50.000Z","92510485","731D8A347008DCE60044D57EB1DC4B76E657512E9303617F8AB41A88625418E0"
"r42ctdrSk7oEp7C4ZpaesJF1DnAFVtwBnn","9000000000000000e-27","2024-12-02T23:21:00.000Z","92508948","6CE7D17DD5E17E0E1F0B6F90BB77FFCAC7329BEFE6512A03EDE263D7A34EEBB8"
"rKY6WGobVLDxPWDLmJPuahcYcbxnT1qiVB","0.069691829392","2024-12-02T20:41:12.000Z","92506537","FC6D3E5AE5479A4959B4447C8D81F006A6BA8E242BE57710FDF4DF9CAA6302B9"
"royce728TyruN18FeGRAwCYgeXsSY7ZFg","0.0000000315","2024-12-02T18:40:00.000Z","92504713","5DBF5A8C659898A9C4EA9826C8AA62BEAD0AB4EB9EB8ADFE681AB6516C82B4E9"
"royce728TyruN18FeGRAwCYgeXsSY7ZFg","2000000000000000e-27","2024-12-02T17:33:50.000Z","92503717","2C2223E8EEBDEA6BE73439E5777F402B93B47D29F461046FB4EEFCD06EBB4022"
"racheLdUp1vBrMiWq1KceKhYAURdFbNswX","4000000000000000e-27","2024-12-02T05:38:31.000Z","92492887","52B6F31C5A6D1465D467C7E6418E684FA24CDCA53E634371E9DC3FBB1183E602"
"royce728TyruN18FeGRAwCYgeXsSY7ZFg","9000000000000000e-27","2024-12-02T03:27:10.000Z","92490890","3167856142CD41BB95E797AB8B1AD899B3A94510320343FE63CA33155102B801"
"rhPyz1apoDPybXBt8Mk17HYpcmofNScfAn","0.0000000037","2024-12-02T01:06:51.000Z","92488773","8B4CF2FC6FBA8E0919066A1F164AE35B5D37CE4A1E53C4C6830B399EBB88C799"
"r42ctdrSk7oEp7C4ZpaesJF1DnAFVtwBnn","0.00000006364","2024-12-01T21:26:02.000Z","92485455","F9DE3BFCDCF651FF921C69F56E5581D601AEB0FDCAB85E34C920AB9599D2E529"
"racheLdUp1vBrMiWq1KceKhYAURdFbNswX","9000000000000000e-27","2024-12-01T18:50:21.000Z","92483113","38CECB8DAFEB0118246F97727AE1CC348FF194E72D62CF54A824D5241B6EDDBA"
"rnRKg5An8Mkn2gkY7tf7NUrAVbnmN3UsZF","3000000000000000e-27","2024-12-01T14:45:31.000Z","92479404","12016CC1F9FD49D84D7A9D03F199023A4A6499C159639952256557AC41939632"
"royce728TyruN18FeGRAwCYgeXsSY7ZFg","7000000000000000e-27","2024-12-01T14:22:00.000Z","92479048","00DFE3C1202C5B9AEE451FB0E0769F4F5D865120AFF2C77B66339A727292CD7D"
"royaLxPb3bSHKMGCuht9m9qD2L6MtWzwy","6000000000000000e-27","2024-12-01T11:13:10.000Z","92476180","2C5365BDCD7085A758E1CB11C1698E1AB954CE535474EC0B05FFC6D95BE58D3C"
"rhQePkCycLu6VAfG5rnTZq81JsB9TRYAAy","0.071795126444","2024-12-01T05:06:12.000Z","92470611","4D56C4FD2036173BFA73E12C088E6ADF3FC9FA20EA8B58C80AB0627ED8593BE2"
"rBYrUtBuF1T5hLpgBPVhRMqYiQJXVR63q5","1000000000000000e-27","2024-12-01T04:46:41.000Z","92470316","80D539323D9C84DAA5E79C875C13AA0B7E6AC2306FB272DFA659EF51BC752223"
"rGYb59ucRWbo7PPwkRybFgd6vcdKjC6pMT","0.0000000035","2024-12-01T04:17:50.000Z","92469882","BB463551C58B920B8ECE5ADBF95F6ACD645633E2F59289B19FA1DE8699900367"
"r9ggsxGtV346MCe8LAmhaTqKqGVeZhZvWT","2000000000000000e-27","2024-12-01T03:23:21.000Z","92469064","38C99A84D786A90C049BC353A9F159E565AD812DE63CFE2BEE450F678B4B4C77"
"rN3Ps7EPSWTbgu14QeNnvzVefshgBWkKov","10.4478519297796","2024-12-01T01:20:41.000Z","92467212","038FA321E43FFE1DA59ED7F9767FC6FA527336D50A9C11E2C01B397A29E8B375"
"royaLxPb3bSHKMGCuht9m9qD2L6MtWzwy","8000000000000000e-27","2024-11-30T20:20:01.000Z","92462672","08D3968AFBDEECF7FE7A6AC1897B957E254593DC6B1F5237C6B3C597F7BC8E50"
"rheXabqbCdnVWGi2EmKuDb1w5NXwbcpwCW","0.0000005208502","2024-11-30T19:41:01.000Z","92462083","1A400A8A56C7EA7832CC14DC011CDB97E4A50FE785AB36098E49B0624D0EF954"
"rM3GZEVuCbBjZza7eqsGNNM3TX2y5okmsV","0.000002794892","2024-11-30T19:37:20.000Z","92462026","84793A1A1DA0ABF8E51442E041049241BFD47AEA57AC04EB04B9CB502E5C3F27"
"rHENRYuLEEvWS2iP7zddMhwZ1Dqp1z5dE","5000000000000000e-28","2024-11-30T19:05:00.000Z","92461538","65B3CC96118B9D9DCD13FADC0EDDAFE0A33FE13C458982D7B12C5456336FFEE5"
"royaLxPb3bSHKMGCuht9m9qD2L6MtWzwy","6000000000000000e-27","2024-11-30T12:01:30.000Z","92455119","93C25ECA0F34708AF093729A14CB5A6F170CD0FDD8F71DAE3497047577735C48"
"royaLxPb3bSHKMGCuht9m9qD2L6MtWzwy","1000000000000000e-27","2024-11-29T23:34:31.000Z","92443751","B3509686EC72F1EA15B065585BCD85D5A82E588E194FAF6F2E31F8D113B0AE89"
"r9ggsxGtV346MCe8LAmhaTqKqGVeZhZvWT","2000000000000000e-27","2024-11-29T21:06:00.000Z","92441493","88DB2D9C99AF5CDDCCC805643757EBF85ADD9E5EF36765DEE2AEE4A02C0DA01D"
"royaLxPb3bSHKMGCuht9m9qD2L6MtWzwy","2000000000000000e-27","2024-11-29T18:33:52.000Z","92439182","3C34B2C114858A26F7B423CBAC499A800E7EB837C0A6119E9FD21A943F846567"
"r9ggsxGtV346MCe8LAmhaTqKqGVeZhZvWT","5000000000000000e-27","2024-11-29T18:16:41.000Z","92438921","9B6D4E8247A9528E7D360988FB1414E2A4D053AE8E99D02EA6BE57EE8285B789"
"royaLxPb3bSHKMGCuht9m9qD2L6MtWzwy","2000000000000000e-27","2024-11-29T15:54:01.000Z","92436754","4A268DBC73D802AB75D51B19EDB82CDE946C37E11208C718285B4DE26E6E48AA"
"royaLxPb3bSHKMGCuht9m9qD2L6MtWzwy","1000000000000000e-27","2024-11-29T14:51:41.000Z","92435805","6B996ECA6EE34582C1740B1B7AE57B3D8B2CF8E7241B084074670DCCF5409F96"
"r9ggsxGtV346MCe8LAmhaTqKqGVeZhZvWT","6000000000000000e-27","2024-11-29T14:45:00.000Z","92435703","C9E677470E4554F0C10C8C9E89A8B522C7ED3474B1E25F2F877F2AB70F4BD4F7"
"rMsKR4888yo4xKkVvN4t945y1VdhejcPb8","0.0000000088","2024-11-29T13:24:10.000Z","92434473","5F0E849727CBD1834505A0BBC52310C0FCA41352F316418FE12C2407EC029B9B"
"royaLxPb3bSHKMGCuht9m9qD2L6MtWzwy","3000000000000000e-27","2024-11-29T12:31:11.000Z","92433668","D95FF76732A7EBBFC972F6A1CEB667230807EBC4EDFB3FAF609ABF8365F8F166"
"royaLxPb3bSHKMGCuht9m9qD2L6MtWzwy","6000000000000000e-27","2024-11-29T07:31:40.000Z","92429093","A81438C47825095A88C76C20196D136D70D52227B7797CE18FFCB53C7662828A"
"royaLxPb3bSHKMGCuht9m9qD2L6MtWzwy","1000000000000000e-27","2024-11-29T06:25:02.000Z","92428081","EE0ADAE49EFD6ECACB6FFAFEC601E396FA7E3340383552BF7B723007000B7028"
"rEFDnEqu6pQGKUAa77wBLzGnXH8nk6WVkz","0.2436654485","2024-11-29T04:32:02.000Z","92426354","918B0FE6287ECE167EFC9B2D39BB6CA2E3F260B81B9407B8BE18BA209007F980"
"r9ggsxGtV346MCe8LAmhaTqKqGVeZhZvWT","2000000000000000e-27","2024-11-29T04:24:40.000Z","92426240","09C66A87ACD351BF372E440186829AB520914A65A47DB9A6A17A8CD6AB0F48FB"
"rDX8krjpdnUBWDo7vPLrwrZYsG1TJZ6vC9","1000000000000000e-28","2024-11-29T04:18:51.000Z","92426152","8DA49A6BC4741D76B2D4C293788BAAB2D50C9B6DCD9BEC31622891FD0944C384"
"rMsKR4888yo4xKkVvN4t945y1VdhejcPb8","0.0031920355704","2024-11-29T03:38:20.000Z","92425533","AA8F4E7D8D3342690425577B3A472A8B1DBB7EE9108A6963A566FA11BCC6A4CA"
"r9ggsxGtV346MCe8LAmhaTqKqGVeZhZvWT","5000000000000000e-27","2024-11-28T07:50:22.000Z","92407384","D9716E4EF0972728B6E1F1886B65492CB45E23566085790F936256E9A740D2A6"
"r9ggsxGtV346MCe8LAmhaTqKqGVeZhZvWT","9000000000000000e-27","2024-11-27T20:26:31.000Z","92396927","9B9E221B28EDB5330277CA2EC650EAF2A18381618005062BD262DF61A7598261"
"rBefcMDtHBjyq4e7fv9doJ87fdDaxNtcTQ","0.000000004","2024-11-27T19:33:10.000Z","92396114","2D35C34EDD48BFE3A79DB64EB59AA3189A8EACC0A4AFE16A66C7DCB1A30B17B0"
"rpWkFivG7jggT8kiv2PUQhccuDWgNZ7VXZ","0.00563355876015427","2024-11-27T17:07:40.000Z","92393886","A8293BC4564952A544F6C8E31D775BCBC1A54F0C0393E9CDFC1DAA02E1FF097E"
"rHENRYuLEEvWS2iP7zddMhwZ1Dqp1z5dE","3000000000000000e-27","2024-11-27T14:56:41.000Z","92391885","1E164A9AA09D4A491555CAB5F5684F38D447A0DB83178A98AB60674F798A5176"
"royaLxPb3bSHKMGCuht9m9qD2L6MtWzwy","6000000000000000e-27","2024-11-26T22:05:32.000Z","92376477","DC21807E441B71E0FC8EC220C22C4EC57D10C52EC20A27BF251ECFAE015BE283"
"rHENRYuLEEvWS2iP7zddMhwZ1Dqp1z5dE","3000000000000000e-27","2024-11-26T21:17:42.000Z","92375752","3B2A74811FA232BEB0466D909807536AAF6F750EA7C74DB872458AF8695E167B"
"r9ggsxGtV346MCe8LAmhaTqKqGVeZhZvWT","3000000000000000e-27","2024-11-26T20:59:02.000Z","92375470","74EA056094E4C53D32343F1D54CF6E8C5989C6C5323C592FEB7AFBAE51D49BC0"
"r9ggsxGtV346MCe8LAmhaTqKqGVeZhZvWT","1000000000000000e-27","2024-11-26T20:24:01.000Z","92374939","67BCFA0B863DB2346702EDEC53DAE83236E93DE22CF942A29CC39F9FC55948CD"
"rHENRYuLEEvWS2iP7zddMhwZ1Dqp1z5dE","9000000000000000e-28","2024-11-26T20:19:41.000Z","92374874","3DFABA366B1191EA5FB8F55F2E1A5286A0BF1DCC69CD97537CC842E7A1FDA9F9"
"r9ggsxGtV346MCe8LAmhaTqKqGVeZhZvWT","8000000000000000e-27","2024-11-26T20:19:01.000Z","92374863","133B152DC03146FE9D1B1D59984CC831D941E828799B3AEBCD1DF68F41343D86"
"r9ggsxGtV346MCe8LAmhaTqKqGVeZhZvWT","8000000000000000e-27","2024-11-26T19:33:02.000Z","92374167","8BF35533254F95A9162AD7AA0E855E3BB05CEB5D78B0844AEFB8B442D7D80273"
"rHENRYuLEEvWS2iP7zddMhwZ1Dqp1z5dE","4000000000000000e-27","2024-11-26T13:29:11.000Z","92368642","171BB43872085F69F3E5D1B44053DBBB00481EB951EC6674D12E00606E713D36"
"rU7VWWinyb5MukxqyZaVunSBtjp1H2km7Q","0.0000005604488","2024-11-26T10:12:40.000Z","92365664","F037C4C22B9505E1B6BA27983632CCA6B304B81CF626E6F4A39B9D5B97D1A695"
"rHENRYuLEEvWS2iP7zddMhwZ1Dqp1z5dE","2000000000000000e-27","2024-11-26T09:18:20.000Z","92364839","DBE0E3BEB493E8673347EFF9A1165514795657D42606E6F3C678AC008248B8EE"
"ravB9y4Fve3TaQwoXJEqgdEjG9ZH7dMZby","0.0000003513475","2024-11-26T09:00:01.000Z","92364561","D75176D6105AD856B654752E3D2007F3999DEF4E494E93D2165742F0FCCB695F"
"r9ggsxGtV346MCe8LAmhaTqKqGVeZhZvWT","3000000000000000e-27","2024-11-26T07:02:50.000Z","92362778","627EBE28D71D5340CC6D91C6DD1BF54D516F103B3513AF01AD69192CA6915B17"
"rM4a6BYtWsUP4adskHCzzNeUM5hrdua6QX","0.000000004","2024-11-26T00:25:11.000Z","92356742","F1505BAC42F1B583FA6B0185364D1DAA171BF0B4CB2EB81687F5BC7A15F086E1"
"rHENRYuLEEvWS2iP7zddMhwZ1Dqp1z5dE","7000000000000000e-27","2024-11-25T20:47:41.000Z","92353430","19AD2349D5DF474ED94F9DCEAED6A1F05C5B22240DFBD988ED90D5A1284E361C"
"rHgpZ4LstSFohUjLKdpShywGRx47MMLQUE","0.67814925272","2024-11-25T19:14:50.000Z","92352020","17AEBC9DFB2522E7DE7ABC8AE1D1A4070412E0858451945C3CED7CF7CCBC8DB6"
"rQGDg2QzzQ5VbEHGABsREpjX9Y5q1HFzgZ","0.0000003037","2024-11-25T13:28:12.000Z","92346761","7502ED42FCBAAF3DFBC2BEA7D8631E91C0A82067274E1674718637B206BCF8DA"
"r4AQ3s9MAJo4iBYrhY2cbwcC976duY1PHV","10","2024-11-25T08:18:41.000Z","92342067","EDC71AD0AC0FD273AB7703AF246C479C8F4B8CF59B3A40FE07D2AE28BA793822"
"r9ggsxGtV346MCe8LAmhaTqKqGVeZhZvWT","1000000000000000e-27","2024-11-25T05:07:11.000Z","92339156","AA633C2A1D91B12BF13211626B422A799C36D69F35D98C1B20EAB1E477567EE4"
"royaLxPb3bSHKMGCuht9m9qD2L6MtWzwy","7000000000000000e-28","2024-11-24T22:17:21.000Z","92332915","336DC5A663AB8D554E0AB3155B242FF87861BF3C7D95DE0D43DF22831038C7A2"
"royaLxPb3bSHKMGCuht9m9qD2L6MtWzwy","6000000000000000e-28","2024-11-24T22:06:02.000Z","92332744","84F58AB8A7F7B84D1F5FEC866D84D011E9BBDDF548E311E8072A43AC55BB27A7"
"royaLxPb3bSHKMGCuht9m9qD2L6MtWzwy","0.000000034605","2024-11-24T21:25:51.000Z","92332132","776F79790DFB5BBB6D7C58FAEFE6FEBF389EAFFF081815E0EEE62EB67EB7662C"
"rHENRYuLEEvWS2iP7zddMhwZ1Dqp1z5dE","3000000000000000e-27","2024-11-24T17:11:22.000Z","92328257","B8E7912AB805B1E779E018A531967C607473EE4E0FB18F6502B8C3267D73A639"
"royaLxPb3bSHKMGCuht9m9qD2L6MtWzwy","2000000000000000e-27","2024-11-24T17:10:21.000Z","92328241","001061A9F8E8BE750238B6D4ADFDA975DC58C36A156D477EBE73B102200A19EA"
"r9ggsxGtV346MCe8LAmhaTqKqGVeZhZvWT","6000000000000000e-27","2024-11-24T11:26:12.000Z","92323002","1540BE45C3F9E1565806C0A55B6A10906F761E2B9906E4BAAE9C7F2B4ECE36A3"
"royaLxPb3bSHKMGCuht9m9qD2L6MtWzwy","3000000000000000e-27","2024-11-24T11:18:00.000Z","92322876","6215F12489FB31F545E205D81C86761397D5B697EB97C3506B989E6915BA2FC2"
"r9ggsxGtV346MCe8LAmhaTqKqGVeZhZvWT","6000000000000000e-27","2024-11-24T10:55:00.000Z","92322526","D2ED7F12247145DB2C360A9A27607CB0A0AE2FE4BD0B08EC1B669B4B4DFAC17B"
"rHENRYuLEEvWS2iP7zddMhwZ1Dqp1z5dE","9000000000000000e-27","2024-11-24T09:17:20.000Z","92321022","D50E78DDB0D90A87B7028F935ACFBD1C106318A0A5A1CC60A51DABED5435B584"
"r9ggsxGtV346MCe8LAmhaTqKqGVeZhZvWT","4000000000000000e-27","2024-11-24T09:12:31.000Z","92320950","42BB48B66EE9EAAE9F6AF8A78D6596A8BE9AAAAAD62210A3C7BF7D21086065BD"
"royaLxPb3bSHKMGCuht9m9qD2L6MtWzwy","0.000000036962","2024-11-24T01:25:20.000Z","92313790","37FAA021F7299F750BA5B8AA3670BD34268CA9BBF3CA97D2ACE08796885E708E"
"r9ggsxGtV346MCe8LAmhaTqKqGVeZhZvWT","0.000000073498","2024-11-24T01:24:01.000Z","92313770","C1B3B26E00B2C5596F103DF80E8373EA5E4DD1D97A12B6C5971C93D95AB331F2"
"r9ggsxGtV346MCe8LAmhaTqKqGVeZhZvWT","9000000000000000e-27","2024-11-24T00:27:01.000Z","92312904","FBF9B501C1B1F87B492C09B396F75DD2357C0D3664E10C307EFEEAD72C13FDE2"
"royaLxPb3bSHKMGCuht9m9qD2L6MtWzwy","2000000000000000e-27","2024-11-23T23:41:01.000Z","92312204","5B22139F545E4C51AA6D59856E4A942F109B74B050CB90B4BE315EEC46831BC5"
"r9ggsxGtV346MCe8LAmhaTqKqGVeZhZvWT","0.000000078805","2024-11-23T23:23:50.000Z","92311941","1E50F5E9191B92F615EC3350821700D25A2D17D4E31B9E2A4DA92CD16E20819F"
"rB4yaVVE6gvWQt7amr9FymnbvVWq6do47K","0.000000443588","2024-11-23T22:23:01.000Z","92311009","792E2D4F9548BE7123AED03CAD2CD50CDF078D996F04CE5ECA89F0C3914D7102"
"r9ggsxGtV346MCe8LAmhaTqKqGVeZhZvWT","2000000000000000e-27","2024-11-23T22:04:20.000Z","92310724","4201FB3EC2A894ED5B0DDDFFFC10822D2F7FE44419D0E92571ACFAD0AD2408B3"
"r9ggsxGtV346MCe8LAmhaTqKqGVeZhZvWT","0.000000206707","2024-11-23T19:48:30.000Z","92308658","55D7B659DE3C2052C788D1E47C3B8023B8E30C514B1A3FDC9A5CE3571CBB3FCD"
"r9ggsxGtV346MCe8LAmhaTqKqGVeZhZvWT","0.000000088091","2024-11-23T19:32:11.000Z","92308412","B4597E046878B8458FC14AF4E050B452A7ACE67A38D2C1F3EAE3F66CC57AF5B3"
"r9ggsxGtV346MCe8LAmhaTqKqGVeZhZvWT","3000000000000000e-27","2024-11-23T19:25:41.000Z","92308312","B54A9404DEAB7195C11FF5E3232AC7F69AE4BEF36A39A8103A4D1B031EADBC0D"
"r9ggsxGtV346MCe8LAmhaTqKqGVeZhZvWT","5000000000000000e-27","2024-11-23T19:01:51.000Z","92307949","9EF01B209DAA88DDFC603D3CA95C47188CF188174DDEF6104B70D986FDC43C46"
"r9ggsxGtV346MCe8LAmhaTqKqGVeZhZvWT","3000000000000000e-27","2024-11-23T18:33:30.000Z","92307515","F3C76F4B0D5E7A34C79B501477B0C6230B0F327166201873012B37F090BC4FC6"
"royaLxPb3bSHKMGCuht9m9qD2L6MtWzwy","7000000000000000e-29","2024-11-23T18:21:51.000Z","92307339","568021D07534D022E717208398B76BEDE8FB12FC9F702118818E71122E3C0253"
"royaLxPb3bSHKMGCuht9m9qD2L6MtWzwy","6000000000000000e-28","2024-11-23T15:49:02.000Z","92305019","4E05908159E646D34ABF99746F50FBA8515E5036D8FE22C4D59FEAFED0C8B359"
"r9ggsxGtV346MCe8LAmhaTqKqGVeZhZvWT","0.000000002883","2024-11-23T15:23:01.000Z","92304621","2EA881E2D266B636C3215960A2955498FB37875000810A59FD1230C0C824B6BD"
"r9ggsxGtV346MCe8LAmhaTqKqGVeZhZvWT","1000000000000000e-28","2024-11-23T15:22:52.000Z","92304619","D654E394DD5BF62AE7A447792D98D8920BF16501C7FB1105529E5E0283A8C4D8"
"r9ggsxGtV346MCe8LAmhaTqKqGVeZhZvWT","2000000000000000e-27","2024-11-23T15:08:21.000Z","92304397","29C30097424BBB338006F38D38E21044FD420CCD65D30F6EFE458F6BB68E0BF2"
"r9ggsxGtV346MCe8LAmhaTqKqGVeZhZvWT","4000000000000000e-27","2024-11-23T13:10:00.000Z","92302587","B44970271920F868E24F0F536FBC0E989F2EFE6323D2CE2CB614A09C1378731D"
"rHENRYuLEEvWS2iP7zddMhwZ1Dqp1z5dE","7000000000000000e-27","2024-11-23T11:51:22.000Z","92301390","37B4D294B84DAFFDA7D452DCF0B1BEC83002A682D8CF198DB071340B98DAD374"
"rHENRYuLEEvWS2iP7zddMhwZ1Dqp1z5dE","3000000000000000e-27","2024-11-23T11:08:40.000Z","92300734","B859E8DF64C3E60A1E1E154055A96BE2AD8420171E7563F2CEBBFAB4222E7F7F"
"rHENRYuLEEvWS2iP7zddMhwZ1Dqp1z5dE","6000000000000000e-27","2024-11-23T11:00:01.000Z","92300601","BF2A31B274224AE7166E5CFB1E5E2CCBE6F8420365CADEFF052E7AAD411A3D8F"
"royaLxPb3bSHKMGCuht9m9qD2L6MtWzwy","8000000000000000e-27","2024-11-23T10:28:40.000Z","92300120","F0511D8F74F88CA4D5EE3B22AAE0B325206666516F602C0F158D7BD7E4932CFC"
"r9ggsxGtV346MCe8LAmhaTqKqGVeZhZvWT","6000000000000000e-27","2024-11-23T10:14:51.000Z","92299909","79A31CE7DF6B9771EB45987ED12F33054EABEAF4F9152CF8A62C4171F820FA1D"
"rHENRYuLEEvWS2iP7zddMhwZ1Dqp1z5dE","6000000000000000e-27","2024-11-23T09:50:41.000Z","92299539","9D5AF2FE52DD1F70463FA931826C0042F33000FFC72D999CCDDE7A3B71B4A274"
"rHENRYuLEEvWS2iP7zddMhwZ1Dqp1z5dE","7000000000000000e-27","2024-11-23T09:44:02.000Z","92299438","D204289353E56CBC7B1D2D0A5FA81D2AC138BECD1A44BDC88EB30B0C48F503BD"
"r9ggsxGtV346MCe8LAmhaTqKqGVeZhZvWT","0.000000084487","2024-11-23T09:42:10.000Z","92299408","AEB4F1D538DA97BEB108DDF8A8D96661FCE6F48957DA33A6AA604A8D1B4121CE"
"rHENRYuLEEvWS2iP7zddMhwZ1Dqp1z5dE","4000000000000000e-27","2024-11-23T09:39:42.000Z","92299371","ADF60BBEEB63B9B5794D2DE3F957E46EC0B2C407695A764988599D0473B23886"
"r9ggsxGtV346MCe8LAmhaTqKqGVeZhZvWT","3000000000000000e-27","2024-11-23T09:39:00.000Z","92299359","D790F907F2D6ABBC9F745C2032F2E4347045F7EB72DF057FCE0D01E4638FF333"
"rHENRYuLEEvWS2iP7zddMhwZ1Dqp1z5dE","5000000000000000e-27","2024-11-23T09:32:31.000Z","92299261","F13744CE0BE85BF925468E89225733A7EC5AF44A7F9F0631101FFCDBB9A8C647"
"r9ggsxGtV346MCe8LAmhaTqKqGVeZhZvWT","5000000000000000e-27","2024-11-23T09:31:51.000Z","92299250","AA8074E43824D120A6A3B56FFC85F45CBABEA00425024AE5928C2F15B7771599"
"rHENRYuLEEvWS2iP7zddMhwZ1Dqp1z5dE","4000000000000000e-27","2024-11-23T09:23:51.000Z","92299127","83A7AAA0BB8E3104749BC53DBB16B0C9B6080A23ADD2F10C6A5298D511D48159"
"r9ggsxGtV346MCe8LAmhaTqKqGVeZhZvWT","9000000000000000e-27","2024-11-23T09:21:22.000Z","92299090","CD21553223806F96C77EE8F628AB4F19A0D7C9516BBA4560B13CE624ADCC07EB"
"r9ggsxGtV346MCe8LAmhaTqKqGVeZhZvWT","4000000000000000e-27","2024-11-23T09:19:11.000Z","92299056","5ECE00EA8C3209D21E6A975CE16738D6243C1DB73DD2C4F14E626CF0BCC899B0"
"r9ggsxGtV346MCe8LAmhaTqKqGVeZhZvWT","0.000000366778","2024-11-23T08:35:21.000Z","92298385","4B5D7068D53852CF79B4071D6776ED8804FBDB24D65D281CAB97AD1446859837"
"r9ggsxGtV346MCe8LAmhaTqKqGVeZhZvWT","9000000000000000e-28","2024-11-23T08:34:00.000Z","92298363","FBFD49DB799BB2BAEEFE13EB2B0FE6D0A9C3B73D85C4AA99D18410613ACDB513"
"royaLxPb3bSHKMGCuht9m9qD2L6MtWzwy","2000000000000000e-27","2024-11-23T07:19:00.000Z","92297214","9E4438D4B7713B22A0157EA3977E256E722B81314F628C9191D05423B7A5D726"
"rHENRYuLEEvWS2iP7zddMhwZ1Dqp1z5dE","9000000000000000e-27","2024-11-23T06:54:00.000Z","92296830","287B6A777D54220AA52874682A71A48F9372E6BF8DCF06009718DB4C39D5C696"
"rHENRYuLEEvWS2iP7zddMhwZ1Dqp1z5dE","4000000000000000e-27","2024-11-23T05:36:11.000Z","92295641","7E902C8EA3C63B3AE96BB6BBFBC78ECD2EAC09F60F5C577DEBDDE6F4CCE7F75B"
"r9ggsxGtV346MCe8LAmhaTqKqGVeZhZvWT","6000000000000000e-28","2024-11-23T05:29:41.000Z","92295542","4E5433399F46DA82CE3760F55AE60C71A47096C8E980E80638111C4C7168D6A2"
"royaLxPb3bSHKMGCuht9m9qD2L6MtWzwy","8000000000000000e-28","2024-11-23T05:09:01.000Z","92295225","6D68CD0F4719DB6A6FCE24EB56B0FB48E48720401978D940464815944DB5772C"
"r9ggsxGtV346MCe8LAmhaTqKqGVeZhZvWT","8000000000000000e-27","2024-11-23T04:50:22.000Z","92294940","1B43289BAB2D39F039E101DF2C12906F515E029BF9FD8B22B39F32DB98732832"
"r9ggsxGtV346MCe8LAmhaTqKqGVeZhZvWT","8000000000000000e-27","2024-11-23T04:44:51.000Z","92294854","44DEBCE54E2AC410B917A9493228966204D3AF2A1B9D5D3EE0D363A70F498F2A"
"r9ggsxGtV346MCe8LAmhaTqKqGVeZhZvWT","2000000000000000e-28","2024-11-23T04:13:30.000Z","92294376","2C8630A098B6D84AEE7D1C4B852D043AED2A3D4D559177BC2AFAE2206AAFA349"
"rHENRYuLEEvWS2iP7zddMhwZ1Dqp1z5dE","9000000000000000e-27","2024-11-23T04:09:50.000Z","92294320","08333B8FDD462FE33CD2DA5E30433A4F0942B761E5978E5C28CD08F003C8F4F0"
"r9ggsxGtV346MCe8LAmhaTqKqGVeZhZvWT","9000000000000000e-27","2024-11-23T03:55:22.000Z","92294102","DFAE3E958666F6CBF91883056001729D79A8477E6F11DA86EEB61B6F106B3DAC"
"rwoUEWthHiwEy6FB83Ug9mFT5nam6Xvnji","0.0000004466","2024-11-23T03:54:31.000Z","92294088","B7C5425EBF40A2D2A6F1541F8A45F993B63F5D2E0463079124B22B5A5699F2BF"
"royaLxPb3bSHKMGCuht9m9qD2L6MtWzwy","9000000000000000e-27","2024-11-23T03:50:42.000Z","92294030","56F02E711A1D89AA1299D97080A9C7A66E15E3F0DBAF6BD214410917B14A1E9E"
"r9ggsxGtV346MCe8LAmhaTqKqGVeZhZvWT","2000000000000000e-27","2024-11-23T03:47:51.000Z","92293986","40D83DB5A22806A3619BA53EBEA007AFDDB1AD66345F8193295D66C43411D77D"
"royaLxPb3bSHKMGCuht9m9qD2L6MtWzwy","6000000000000000e-27","2024-11-23T03:31:51.000Z","92293742","757211D51FA96D184EACA9A1F3622FB9DC4B498F864693AB5243ED97D81FED52"
"royaLxPb3bSHKMGCuht9m9qD2L6MtWzwy","2000000000000000e-27","2024-11-23T03:26:12.000Z","92293656","F6E4ED5EA93041C2330DDF3AD9B480B502EEF71BD7995AF3C8CB3B35389FF7FA"
"r9ggsxGtV346MCe8LAmhaTqKqGVeZhZvWT","8000000000000000e-27","2024-11-23T03:21:12.000Z","92293579","417CC9791B2576DBBCC76E93F7FE3CEAECDFE466B9A29080763E449255D5596D"
"rHENRYuLEEvWS2iP7zddMhwZ1Dqp1z5dE","9000000000000000e-27","2024-11-23T03:20:32.000Z","92293569","C979363E0BC7601E169101B74E0086A8AF8893365A351A810B0B9BCB0EC33189"
"r9ggsxGtV346MCe8LAmhaTqKqGVeZhZvWT","2000000000000000e-27","2024-11-23T03:09:10.000Z","92293393","629F43D7D52167E567E0843A9CE79D87FB6F43ACF10CF365596A1A11143545DB"
"rHENRYuLEEvWS2iP7zddMhwZ1Dqp1z5dE","8000000000000000e-27","2024-11-23T02:21:01.000Z","92292660","5B9CDDCBA95952A90A24BCA2BE37825D1BB1982D201D72A8B6BB94E9BAA6DB7A"
"royaLxPb3bSHKMGCuht9m9qD2L6MtWzwy","4000000000000000e-27","2024-11-23T02:19:31.000Z","92292637","65E7B1C92F2DC0B234E500B2E30CEE029089F92064A48AD75C21C4ADD0840340"
"rGWp1Uy51k7aBNcD1Wwp3Jo7vgUi2gyFWo","0.00000027116","2024-11-23T02:14:31.000Z","92292561","6172AFCA1F236E90B2DBA07BE35CF66B42FB9A5135174B6564732F77C7717AD1"
"rHENRYuLEEvWS2iP7zddMhwZ1Dqp1z5dE","5000000000000000e-27","2024-11-23T02:12:32.000Z","92292531","2AFC9E611D3F38C88E6CE0A893E8A2C97EA2119941E496B82B0BC0E22B70EF16"
"royaLxPb3bSHKMGCuht9m9qD2L6MtWzwy","5000000000000000e-27","2024-11-23T01:56:21.000Z","92292284","929F9D1504B9F5387FA035A4834C0319B5DBB81D58CF7FA6A2F7F761C794C49A"
"rHENRYuLEEvWS2iP7zddMhwZ1Dqp1z5dE","6000000000000000e-27","2024-11-23T01:55:51.000Z","92292276","16B9AE48356AFFA014231394B99D66E23AF9496EB1DFAF95C75A03671026DA09"
"royaLxPb3bSHKMGCuht9m9qD2L6MtWzwy","6000000000000000e-27","2024-11-23T01:50:02.000Z","92292188","91116FCE1948E4710860DD33321A375520BC94B60C9118EE78F629A67412CA7C"
"rHENRYuLEEvWS2iP7zddMhwZ1Dqp1z5dE","6000000000000000e-27","2024-11-23T01:47:41.000Z","92292151","4071AD46C3F0DFD02FBC51162177287EA561EDC9086A02D71A60BC7A31A13BF9"
"r9ggsxGtV346MCe8LAmhaTqKqGVeZhZvWT","2000000000000000e-27","2024-11-23T01:45:30.000Z","92292117","77EA788FB967414F8BF99DFF762377A93C02CA5AC6BBF95055CDD45437219870"
"royaLxPb3bSHKMGCuht9m9qD2L6MtWzwy","6000000000000000e-27","2024-11-22T23:59:02.000Z","92290502","BA891D3396B3E60748C129F20B8ADB1DCAAFC536D5D7CA90DBBEC236F90F4C68"
"r9ggsxGtV346MCe8LAmhaTqKqGVeZhZvWT","0.000000169164","2024-11-22T22:38:41.000Z","92289273","4100784C1D51C06A5982FB725A9B243F8BC2B9FA1182E2E965213AA52E62CC5C"
"r9ggsxGtV346MCe8LAmhaTqKqGVeZhZvWT","0.000000071964","2024-11-22T21:50:10.000Z","92288534","8B8D93C25337BFDC0E15B669E4F4E3D5E65AD063D09FE51F8059DD5D4632B82E"
"r9ggsxGtV346MCe8LAmhaTqKqGVeZhZvWT","6000000000000000e-27","2024-11-22T21:45:52.000Z","92288470","0A0D4CA3AC74B0B7EA36BFE6DF810CC8FAA05BFA8CAB79C743184B2CA66BBC0B"
"r9ggsxGtV346MCe8LAmhaTqKqGVeZhZvWT","0.0000003154","2024-11-22T21:35:20.000Z","92288308","A9465DC9E1F781F9DAF3EE8526E0794E20D8F2A03C0E7B748EA4EEAE27F3AB91"
"rHENRYuLEEvWS2iP7zddMhwZ1Dqp1z5dE","9000000000000000e-27","2024-11-22T20:56:01.000Z","92287708","0B0C85D0A404D5F85A051EE4EE83E4E0114ADFAD84C3747E03C9C2CE8E0BC72D"
"rswGUhCLq1zpD3YLmdxhFw8nr6dLVHoqYe","0.0000000028","2024-11-22T20:30:51.000Z","92287325","87C8EA38F29CB9F7A31D7FEA4B5CC8DDC5B8BADF1B68702A798D00DC8BFC1DB1"
"r9ggsxGtV346MCe8LAmhaTqKqGVeZhZvWT","1000000000000000e-27","2024-11-22T18:47:51.000Z","92285760","826AD1B0E091B463FB15B4E9B1D24A4791C9844831A249DC5544783FF639C65F"
"r9ggsxGtV346MCe8LAmhaTqKqGVeZhZvWT","3000000000000000e-27","2024-11-22T08:59:01.000Z","92276801","CA80408D2747ACEC0CBB1129B3ADC8721D2CFF526E8F05103147289812A2E9A3"
"rHENRYuLEEvWS2iP7zddMhwZ1Dqp1z5dE","2000000000000000e-27","2024-11-22T08:58:20.000Z","92276789","60F843175F818F4433BDA023985A055835BFCA9B7C13EE3D29D0BA76629E5D15"
"r9ggsxGtV346MCe8LAmhaTqKqGVeZhZvWT","0.000000178502","2024-11-22T06:17:21.000Z","92274337","BFF87E15AA0C83B004D6F0E0E7786B80E3C24D628FE84765491C0DBD27C9F616"
"rHENRYuLEEvWS2iP7zddMhwZ1Dqp1z5dE","8000000000000000e-27","2024-11-22T06:00:31.000Z","92274081","7906369E0B4F7A02D9FD365DE6710D13DB3C25285DEDEB676495C63393B3675E"
"royaLxPb3bSHKMGCuht9m9qD2L6MtWzwy","1000000000000000e-27","2024-11-22T05:26:20.000Z","92273560","F69939E4771D53A2EA71088221BE2A3D62FECA6C88D6900FC126DEC5B84601BC"
"royaLxPb3bSHKMGCuht9m9qD2L6MtWzwy","0.000000076272","2024-11-22T05:17:00.000Z","92273419","208C49B924E220FE965FA44DCCA5CE466627B1F8A8B9BDF62D0592F782B372EC"
"rHENRYuLEEvWS2iP7zddMhwZ1Dqp1z5dE","1000000000000000e-27","2024-11-22T05:15:10.000Z","92273391","C6C67E07797AFF1FC9C158895F407AE5A3D39BFCF2B7434A33A157481A83360D"
"r9ggsxGtV346MCe8LAmhaTqKqGVeZhZvWT","6000000000000000e-27","2024-11-22T04:18:40.000Z","92272534","C8FFE76B82D2B9CD1F6C0EAA19A82D71D10E76989D7CFABE3D520F7882BD9529"
"r9ggsxGtV346MCe8LAmhaTqKqGVeZhZvWT","0.000000708882","2024-11-22T04:13:20.000Z","92272453","F6F60CBF87018F5CDE946F5BFDD40D8F842C3A2E7BE294168562B3968AC8CF31"
"royaLxPb3bSHKMGCuht9m9qD2L6MtWzwy","9000000000000000e-26","2024-11-22T04:05:02.000Z","92272328","D415B185CFA6B054FC6C27CEEF21991E566C769E9EE1E43EBA1045768E74A2E1"
"royaLxPb3bSHKMGCuht9m9qD2L6MtWzwy","2000000000000000e-27","2024-11-22T00:56:32.000Z","92269470","7ED504D433AD0320CFF7A701E52FAAA4AA309F10AC16A7CC8AB58BF683F0D16E"
"r9ggsxGtV346MCe8LAmhaTqKqGVeZhZvWT","9000000000000000e-26","2024-11-21T22:58:40.000Z","92267683","8D8A7D4F35F01833D30EFC8C325B164AA0FCEA3FAAB595E08EA95CF9C9B76C43"
"r9Dq9P8YXP54bp6dzpqPWnCDzc96wcWKpw","0.0000000032","2024-11-21T12:28:30.000Z","92258120","B474F808B827888CB90F09470BF37D5D1610B58FC51BCD4D56DF04690C228B48"
"rHENRYuLEEvWS2iP7zddMhwZ1Dqp1z5dE","0.00000026338","2024-11-20T12:14:12.000Z","92235899","D556A33DB5C8139AEAC921D7D5CABDD2DFB5E709A18CECF2C83627DF1DDDEF02"
"rNoUW5ccVbJayifgnEgyqgZECxbeNKGrWo","0.0000005407","2024-11-20T07:42:22.000Z","92231725","078C167DBE46FC76C0210F058C9F9B27954F83BB7475B15952E506DA3214717D"
"rHENRYuLEEvWS2iP7zddMhwZ1Dqp1z5dE","7000000000000000e-27","2024-11-19T02:08:40.000Z","92204549","0383EC109111F21C5E78889B2A276EB1CDD749A899676566ACB3ADDDB75B3D8E"
"rfYV1okvfencsRcbzdUo38gg63rVGjxX4X","0.000086226311","2024-11-19T00:07:21.000Z","92202697","1D757D7F55B74FAF6DFEDF39D91DB1B921CEAC587ABFE2BB24B44C3D131D767D"
"rpq9Z66z1265a9uVm5UfzPcoiuhaiB26tj","1.7278240227","2024-11-18T16:21:31.000Z","92195616","5259ACF45EF0E75CCC9586DE2ADC48324D7192A1D89B0A58575CB1F350AE2A36"
"rHENRYuLEEvWS2iP7zddMhwZ1Dqp1z5dE","0.000001876472","2024-11-18T15:26:50.000Z","92194785","0D69B04BFAC61E21EE8ABC1FA327DBF6DEDB6CD203C4353C507628BAFE4D0BBE"
"rLd3NmXXXvpkeUqMt2F6WMRszLwjGqmpcS","0.0000000034","2024-11-18T11:07:21.000Z","92190841","389D7E501A574387FE00ED9C37629DE9DE57963FDB1C65D1BCECEEEE6C1F4ADC"
"rJt7ZuEZQgKqtBAtt8Fwj5nFLBti5qdm3y","0.0000000016","2024-11-18T07:18:12.000Z","92187347","1B3813F1F624AF67F1110093DB7351584DB8546AB428D4BA3F2DFF6BBF040DE8"
"royaLxPb3bSHKMGCuht9m9qD2L6MtWzwy","0.00000146657","2024-11-18T01:35:22.000Z","92182111","8415146EAB43B0D4D62222B82D677E0C68CB65ED03BC33ACBB99C4686F756750"
"royaLxPb3bSHKMGCuht9m9qD2L6MtWzwy","0.00000170929","2024-11-18T00:46:52.000Z","92181370","3493166557766F010A25266F3B88927DFFCD11A66F98F20DB283AA8EC2B1813A"
"royaLxPb3bSHKMGCuht9m9qD2L6MtWzwy","0.0000000009","2024-11-17T17:06:41.000Z","92174361","8D63F1FD22FDD4ED460FCBAA798CF1BAC77EB67BD68F1104A8AD6967BA5B24F1"
"r98qYac1hDjWxYTzWfhjxfRtedAC42jTbu","0.000000002","2024-11-11T12:04:50.000Z","92037853","C624E08450389AE693CD8DB4CF567A5DF86903E245821E36F89496DB5F945B9E"
"rU5FAEubqs3fVEMnJ227tcMFACaRaipAC8","0.0000005134","2024-11-10T09:44:51.000Z","92013518","8442BE864A1C48F7AEBCF3BCF9CC6CC3BC69AB675CA72C46165789B2FF610ABB"
"rnoTtKJZMesCW8dE9PKAS96srwKGLjxfhk","0.000000002","2024-11-10T04:58:32.000Z","92009079","2FECD9C6D8A824B673AF2AA7BC7FC11C737581ED8C9718FCB43D1381F7E24978"
"rDpxiMwfSLeteoz1r7CYKxpGf1uhbLPMxt","0.0000000034","2024-11-08T01:16:42.000Z","91960829","AB69E524C4E3734AE9C525E9396A3C3AFEEA33DB73074D69A5E768A4583326C9"
"rHENRYuLEEvWS2iP7zddMhwZ1Dqp1z5dE","0.000069106","2024-11-05T12:56:31.000Z","91905241","957E9DCCB2ED724D85D65E0F3B0677250B5BF04CFA59AABD5F1B2F311928B5F2"
"rHusE1dTwmQ9owVNHBmYUqTgm1bNBhXirw","0.2308848445","2024-11-05T05:26:50.000Z","91898328","AC897B43DFEAF33B7A087C1A2C4D4F1D76C2F09D8C4A837C3F453F8F47EC424E"
"rn7LrutypyijiKtftPKHuC2fX5KndZgxrM","0.9006060555","2024-11-04T19:26:11.000Z","91889134","2767FB868DD03CF5B2EE12436AE6C451499DE1E06815F49ACE35E037572E8DD0"
"rHENRYuLEEvWS2iP7zddMhwZ1Dqp1z5dE","5000000000000000e-26","2024-11-04T09:46:20.000Z","91880233","9ABD7E483A2FF48B53270D48F201C11C8336867110461EE043AA12663478535D"
"rPggfiFWE98BHZMEz88HHKwh2fiQZTeook","345.496877414","2024-11-03T11:17:12.000Z","91859447","E79F4F336FBAE289063420142088F10FF34E51D8264C9502D5B0B36AE657E397"
"rnoWthMds45H1RLiVKQRs2LZ6UNwarx3Gr","0.000084003708888466","2024-11-02T05:39:31.000Z","91831928","B562B642BF021BDDC544525596A0DF8B7C850B6300AB59ECB9213B8D59788A04"
"r3rtZy6KmXXLVt798BSpCwm2B7XKA2rrXa","0.0000000035","2024-11-01T06:19:50.000Z","91810340","768BBD9B4396203D507F5467DD5F9677D17E12359DD9DBFC3F05EEEACD243C5B"
"rayyP3Q9vXw3b2ada4WzGU9Wemk39n7Zeo","0.0000000038","2024-10-31T17:35:32.000Z","91798521","FAAFE2BE03FC982C00BF8AFAC0413D57421E98C728390A70C46F6CDFE0A1B6BA"
"royaLxPb3bSHKMGCuht9m9qD2L6MtWzwy","0.00014467597","2024-10-31T06:44:52.000Z","91788546","30EBE78EBDE17BEAC42E9AAC2DF6FAA3A997DB744226FE28D392E1F5FAA18DD5"
"rKZ4HnnyFXx8RWPKukU6FWCnUWPk1CPLBJ","0.000464462013","2024-10-31T05:24:30.000Z","91787300","0097EFB0F0EC0E0C7CD07FBCF99122710EE60E0A3DE3CE42020E02DE80B31205"
"r9ggsxGtV346MCe8LAmhaTqKqGVeZhZvWT","4000000000000000e-26","2024-10-30T04:36:02.000Z","91764372","F4FBAF540A6F5C332837B58D3301E87DDCCDBF0029BDF982A3187500D002ED6A"
"rK1gRU9mdheJYM2xXnaYz6wsxNyVm6Sqea","100000","2024-10-30T02:14:50.000Z","91762171","39D8859E7F497CFCCD9048C2848652BCBAC93C4073636DC9D02ECF4CA6C178F8"
"rK1gRU9mdheJYM2xXnaYz6wsxNyVm6Sqea","9000","2024-10-30T02:13:30.000Z","91762150","7EF15AF245EDE632EBB2634DA5E4559A0765621BB4848A200DE5FFFCDD213895"
"rK1gRU9mdheJYM2xXnaYz6wsxNyVm6Sqea","1000","2024-10-30T02:13:00.000Z","91762142","7BE5B9C3AD3FD0A131738A36C16F5D1F29F34FE9B5D98ED00C835A2E98C6EB1F"
"rJaupd3sMZD842uYBAqdPinmagm6YAHxVE","0.00000019616","2024-10-30T00:56:30.000Z","91760959","2CDDBCED509BD84DC32D5EA7F5EC590415DD7CBF7C019DF22A8072017D8E5233"
"r9ggsxGtV346MCe8LAmhaTqKqGVeZhZvWT","0.00002898203","2024-10-30T00:31:41.000Z","91760575","B39621A6177EDB2EF3087425E192328EC28D6E2EC55B4668B0E8EB46F3D997BA"
"r9ggsxGtV346MCe8LAmhaTqKqGVeZhZvWT","0.00000672113","2024-10-29T19:36:11.000Z","91756036","FF5CCDF9E882C9E2E4B8AF1E9C5F58FF67CE5DCF6618C7613EB35E146C4AF83B"
"royaLxPb3bSHKMGCuht9m9qD2L6MtWzwy","0.00000999769","2024-10-29T19:33:20.000Z","91755991","97E569D5DDB4CB1391DEE3808DAC448B826B4028171B2DA622EF36C4D92FA94B"
"rN3Ps7EPSWTbgu14QeNnvzVefshgBWkKov","0.0000002853","2024-10-29T17:10:01.000Z","91753791","D9E049F4FF2F9B72F75CB249B0A688B6A9FA7D4798EBB3DF2D34D340F1A13C9A"
"rw7imDhHtyJ6XSGPS21gDZ15ToebyggtUJ","0.0000000055","2024-10-29T12:24:20.000Z","91749391","01B37F194D3D45105C50B47777928C4276A6004FE82AA0959DB825619211AAED"
"rHENRYuLEEvWS2iP7zddMhwZ1Dqp1z5dE","6000000000000000e-26","2024-10-29T12:13:02.000Z","91749218","7CBC5EDD37F3AB02D9EDD66143F207E484528D689D725378516418F19FD2F9D3"
"rHENRYuLEEvWS2iP7zddMhwZ1Dqp1z5dE","0.0001059046","2024-10-29T11:24:42.000Z","91748476","DE91695A7607F42FE0F0241FA84FED9FF27934FD43EB33C8E8577431EE378046"
"r9ggsxGtV346MCe8LAmhaTqKqGVeZhZvWT","5000000000000000e-26","2024-10-29T09:35:12.000Z","91746776","432B6BBEABE4FBF805EB6199BB1A849075F77EF2509EBE6999A7223AFC9AD993"
"royaLxPb3bSHKMGCuht9m9qD2L6MtWzwy","2000000000000000e-27","2024-10-29T08:04:32.000Z","91745367","DB285142A43844C6DC294BF805DBED4211BC1359BBA2E2D9C3D8D1691D48B70B"
"rQHoSLW1X3NBhJD7bNftunHDAdT68gpyrD","0.0000003412","2024-10-29T06:53:22.000Z","91744259","F3EB6F61AA9ACB52DD7EA3F99E6ABA300417DF15C074076900FD98E294BF65D1"
"rp8BAXxKwV9p5fsFbSDgVCn7tprMxkmPiu","0.000000001","2024-10-29T06:40:31.000Z","91744062","4C1897D331D63CA9667E7F5490C413E23277351215B3A5F7E76E53B4AEE43EAF"
"r9ggsxGtV346MCe8LAmhaTqKqGVeZhZvWT","0.00000549417","2024-10-29T06:29:40.000Z","91743894","EE77B5968C1D3E7689CC7A1D8DCFAA07921A841FE86902C45CA037E168D29CB9"
"r9ggsxGtV346MCe8LAmhaTqKqGVeZhZvWT","0.0000000009","2024-10-29T06:14:41.000Z","91743663","3D140C21A8089F9DAB3BEC7A902989824CAB76624EED4BF179D3A3BAF391473D"
